{"210810aaaa": {"mjds": 59436.59969748689, "snr": 9.03739, "ibox": 4, "dm": 29.0454, "ibeam": 179, "cntb": 3, "cntc": 35, "specnum": 456225256, "ra": 0.0, "dec": 0.0, "probability": 0.0, "save": true, "gulp": 1}}
